{
  "female_names": [
    "Alice",
    "Amy",
    "Beth",
    "Beatrice",
    "Belinda",
    "Bethany",
    "Carla",
    "Carlotta",
    "Cathy",
    "Charlotte",
    "Chloe",
    "Darlene",
    "Denise",
    "Diana",
    "Diane",
    "Elizabeth",
    "Eliza",
    "Emma",
    "Eunice",
    "Florence",
    "Georgia",
    "Heidi",
    "Holly",
    "Jackie",
    "Jane",
    "Jen",
    "Jennifer",
    "Jenny",
    "Jessie",
    "Joan",
    "Julie",
    "June",
    "Kathleen",
    "Kathy",
    "Loise",
    "Loni",
    "Martha",
    "Michele",
    "Molly",
    "Nellie",
    "Norma",
    "Opal",
    "Penelope",
    "Rachel",
    "Sally",
    "Sarah",
    "Savannah",
    "Stephanie",
    "Sophia",
    "Suzette",
    "Tammy",
    "Teresa",
    "Ursula",
    "Yvonne",
    "Yvette"
  ],
  "male_names": [
    "Andrew",
    "Andy",
    "Bill",
    "Bob",
    "Bobby",
    "Charles",
    "Charlie",
    "Chuck",
    "Cody",
    "Curt",
    "Curtis",
    "Damon",
    "Daniel",
    "Dave",
    "David",
    "Don",
    "Donald",
    "Donny",
    "Ed",
    "Eddie",
    "Edward",
    "Eli",
    "Elijah",
    "Fred",
    "Freddy",
    "Frederick",
    "George",
    "Hubert",
    "Hugh",
    "Jack",
    "Jacob",
    "James",
    "Jim",
    "Jesse",
    "Josh",
    "Joshua",
    "Kevin",
    "Karl",
    "Les",
    "Lester",
    "Matt",
    "Matthew",
    "Michael",
    "Mike",
    "Nathan",
    "Nathniel",
    "Norman",
    "Paul",
    "Peter",
    "Quincy",
    "Rich",
    "Richard",
    "Rob",
    "Robert",
    "Ron",
    "Ronald",
    "Ronnie",
    "Stanley",
    "Steve",
    "Steven",
    "Stephen",
    "Stephan",
    "Thomas",
    "Tim",
    "Timmy",
    "Timothy",
    "Todd",
    "Tom",
    "Victor",
    "Walt",
    "Walter",
    "Wes",
    "Wesley",
    "Will",
    "William",
    "Wyatt"
  ],
  "last_names": [
    "Andrew",
    "Alexander",
    "Allen",
    "Andrews",
    "Anderson",
    "Anders",
    "Amos",
    "Adams",
    "Aster",
    "Aull",
    "Avery",
    "Barnard",
    "Barrett",
    "Bennett",
    "Baker",
    "Bell",
    "Brooks",
    "Bailey",
    "Butler",
    "Blankenship",
    "Brewster",
    "Brighton",
    "Barton",
    "Burton",
    "Barnes",
    "Brown",
    "Bryant",
    "Carlsen",
    "Clark",
    "Carlson",
    "Crammer",
    "Coleman",
    "Crawford",
    "Curtis",
    "Carter",
    "Cooper",
    "Cox",
    "Campbell",
    "Cook",
    "Collins",
    "Darwin",
    "Dawson",
    "Destin",
    "Davis",
    "Dickerson",
    "Dimsley",
    "Dumas",
    "Dundalk",
    "Dunston",
    "Diaz",
    "Easter",
    "Easton",
    "Emerson",
    "Evans",
    "Edwards",
    "Everett",
    "Feaster",
    "Flowers",
    "Flores",
    "Foster",
    "Fredericks",
    "Fritz",
    "Gormley",
    "Grueber",
    "Garcia",
    "Green",
    "Griffin",
    "Gray",
    "Gonzalez",
    "Gonzales",
    "Hunter",
    "Horace",
    "Harris",
    "Howard",
    "Hayes",
    "Henderson",
    "Hernandez",
    "Hermans",
    "Hollis",
    "Hall",
    "Hill",
    "Hughes",
    "Jackson",
    "Jarvis",
    "Jordon",
    "Jimmer",
    "Jefferson",
    "Jameson",
    "Johnson",
    "James",
    "Jones",
    "Jenkins",
    "Kelly",
    "King",
    "Klondike",
    "Loomis",
    "Lavelle",
    "Lomax",
    "Lewis",
    "Lee",
    "Long",
    "Lopez",
    "Michaels",
    "Mitchel",
    "Miller",
    "Martin",
    "Moore",
    "Mills",
    "Mitchell",
    "Mogan",
    "Murphy",
    "Mueller",
    "Masterson",
    "Morris",
    "Morrison",
    "Martinez",
    "Nesterson",
    "Nester",
    "Nevelle",
    "Nelson",
    "Nagel",
    "Novak",
    "Norris",
    "Oliver",
    "Oster",
    "Osterman",
    "Peters",
    "Pennyworth",
    "Perez",
    "Patterson",
    "Parker",
    "Perry",
    "Phillips",
    "Price",
    "Peterson",
    "Patterson",
    "Powell",
    "Rawlins",
    "Ross",
    "Ramirez",
    "Rollins",
    "Russell",
    "Robinson",
    "Rodriquez",
    "Robbins",
    "Richards",
    "Richardson",
    "Roberts",
    "Raleigh",
    "Robb",
    "Rogers",
    "Rivera",
    "Reed",
    "Stockley",
    "Sherman",
    "Shuman",
    "Simmons",
    "Shoemaker",
    "Schuster",
    "Sanders",
    "Stanley",
    "Stevens",
    "Scott",
    "Stewart",
    "Sanchez",
    "Stevenson",
    "Smith",
    "Tyler",
    "Turner",
    "Truman",
    "Tillerman",
    "Taylor",
    "Thompson",
    "Thomas",
    "Torres",
    "Vasquez",
    "Williams",
    "Williamson",
    "Westerfield",
    "West",
    "White",
    "Whitehall",
    "Walker",
    "Wright",
    "Watson",
    "Washington",
    "Ward",
    "Wood",
    "Woods",
    "Younger",
    "Young"
  ],
  "street_types": [
    "St",
    "Blvd",
    "Ln",
    "Rd",
    "Ct",
    "Ave",
    "Cir",
    "Way"
  ],
  "city_endings": [
    "burg",
    "mont",
    "town",
    "ville",
    " Bridge",
    " City",
    " Creek",
    " Fork",
    " Island",
    " Lake",
    " Pond",
    " Springs",
    " Valley"
  ],
  "states": [
    "AK",
    "AL",
    "AR",
    "AZ",
    "CA",
    "CO",
    "CT",
    "DC",
    "DE",
    "FL",
    "GA",
    "HI",
    "IA",
    "ID",
    "IL",
    "IN",
    "KS",
    "LA",
    "MA",
    "MD",
    "ME",
    "MI",
    "MN",
    "MO",
    "MS",
    "NC",
    "ND",
    "NH",
    "NM",
    "NV",
    "NY",
    "OH",
    "OR",
    "RI",
    "SC",
    "SD",
    "TN",
    "TX",
    "UT",
    "VA",
    "WA",
    "WV",
    "WY"
  ],
  "username_a": [
    "blue",
    "red",
    "green",
    "yellow",
    "orange",
    "white",
    "black",
    "brown",
    "pink",
    "magenta",
    "purple",
    "gray",
    "grey",
    "fuzzy",
    "furry",
    "angry",
    "happy",
    "glad",
    "sad",
    "silly",
    "strong",
    "weak",
    "smelly",
    "bald",
    "hairy",
    "sneaky",
    "shifty",
    "lost",
    "brave",
    "twisted",
    "chewy",
    "soft",
    "fanatical",
    "crazy",
    "wacky",
    "insane",
    "desperate",
    "sleepy",
    "dopey",
    "grumpy",
    "sneezy",
    "mad",
    "crusty"
  ],
  "username_b": [
    "penguin",
    "chicken",
    "monkey",
    "ape",
    "lizard",
    "ninja",
    "house",
    "home",
    "beetle",
    "spider",
    "bee",
    "snake",
    "cobra",
    "gorilla",
    "racer",
    "doctor",
    "dentist",
    "miner",
    "coder",
    "programmer",
    "pawn",
    "designer",
    "developer",
    "dev",
    "hacker",
    "fish",
    "toaster",
    "gamer",
    "geek",
    "nerd",
    "knight",
    "cat",
    "dog",
    "chipmunk",
    "bunny",
    "eagle",
    "frog"
  ],
  "street": [
    "Layton Place",
    "Danwick",
    "Horrace",
    "Jiggle",
    "Breawick",
    "Pokemon"
  ],
  "cell": [
    "832-654-2343",
    "555-306-2243",
    "687-923-2243",
    "876-930-5847"
  ],
  "email": [
    "acoolbeans@neumont.edu",
    "coolrunnings@gmail.com",
    "crazymokey@yahoo.com",
    "brainwizard@yahoo.com"
  ]
}